番号,単語,訳
1,aaa,演出
2,aaa,キュッ
3,aaa,絞っ
4,aaa,ふわり
5,aaa,広がる
6,aaa,フェミニン
7,aaa,アクセント
8,aaa,添える
9,aaa,ブラウス
10,aaa,スッキリ
11,aaa,開い
12,aaa,ネック
13,aaa,から
14,aaa,まわり
15,aaa,シャープ
16,aaa,見せ
17,aaa,くれ
18,aaa,ます
19,aaa,EOS
20,aaa,抜け
21,aaa,ある
22,aaa,スキッパー
23,aaa,胸元
24,aaa,大人
25,aaa,っぽ
26,aaa,醸し出す
27,aaa,スキッパー
28,aaa,シャツ
29,aaa,です
30,aaa,ふんわり
31,aaa,揺れる
32,aaa,ラッフルスリーブ
33,aaa,女性
34,aaa,らし
35,aaa,演出
36,aaa,ボリューム
37,aaa,ある
38,aaa,フリル
39,aaa,なる
40,aaa,二の腕
41,aaa,しっかり
42,aaa,カバー
43,aaa,素材
44,aaa,サイズ
45,aaa,仕様
46,aaa,変更
47,aaa,ある
48,aaa,場合
49,aaa,ござい
50,aaa,ます
51,aaa,ので
52,aaa,予め
53,aaa,了承
54,aaa,ください
55,aaa,EOS
56,aaa,ボーダー
57,aaa,ファブリック
58,aaa,使っ
59,aaa,カジュアル
60,aaa,漂う
61,aaa,プルオーバー
62,aaa,加え
63,aaa,タック
64,aaa,揺らめい
65,aaa,フリリー
66,aaa,仕上がっ
67,aaa,ます
68,aaa,控えめ
69,aaa,大人
70,aaa,女性
71,aaa,取り入れ
72,aaa,やすい
73,aaa,アイテム
74,aaa,素材
75,aaa,サイズ
76,aaa,仕様
77,aaa,変更
78,aaa,ある
79,aaa,場合
80,aaa,ござい
81,aaa,ます
82,aaa,ので
83,aaa,予め
84,aaa,了承
85,aaa,ください
86,aaa,EOS
87,aaa,優しい
88,aaa,雰囲気
89,aaa,演出
90,aaa,する
91,aaa,オリジナル
92,aaa,カラー
93,aaa,キャミソール
94,aaa,セット
95,aaa,なっ
96,aaa,アイテム
97,aaa,登場
98,aaa,です
99,aaa,トップス
100,aaa,エッジ
101,aaa,あしらっ
102,aaa,可愛らしい
103,aaa,華奢
104,aaa,フリル
105,aaa,ポイント
106,aaa,です
107,aaa,別々
108,aaa,でも
109,aaa,オシャレ
110,aaa,着こなせる
111,aaa,ので
112,aaa,コーディネート
113,aaa,グッ
114,aaa,広がる
115,aaa,一品
116,aaa,商品
117,aaa,画像
118,aaa,サンプル
119,aaa,ため
120,aaa,サイズ
121,aaa,仕様
122,aaa,変更
123,aaa,ある
124,aaa,場合
125,aaa,ござい
126,aaa,ます
127,aaa,ので
128,aaa,予め
129,aaa,了承
130,aaa,ください
131,aaa,EOS
132,aaa,可愛らしい
133,aaa,フリリー
134,aaa,スリーブ
135,aaa,デザイン
136,aaa,惹か
137,aaa,れる
138,aaa,ブラウス
139,aaa,前後
140,aaa,着用
141,aaa,できる
142,aaa,WAY
143,aaa,仕様
144,aaa,ちょっぴり
145,aaa,違っ
146,aaa,印象
147,aaa,楽しめる
148,aaa,嬉しい
149,aaa,です
150,aaa,シンプル
151,aaa,使い勝手
152,aaa,良い
153,aaa,無地
154,aaa,カラー
155,aaa,ワード
156,aaa,ローブ
157,aaa,強い
158,aaa,味方
159,aaa,なっ
160,aaa,くれる
161,aaa,はず
162,aaa,商品
163,aaa,画像
164,aaa,サンプル
165,aaa,ため
166,aaa,サイズ
167,aaa,仕様
168,aaa,変更
169,aaa,ある
170,aaa,場合
171,aaa,ござい
172,aaa,ます
173,aaa,ので
174,aaa,予め
175,aaa,了承
176,aaa,ください
177,aaa,EOS
178,aaa,すっきり
179,aaa,フォルム
180,aaa,スタイリッシュ
181,aaa,仕上げ
182,aaa,ポインテッドトゥセパレートパンプス
183,aaa,細め
184,aaa,アンクルストラップ
185,aaa,女性
186,aaa,らし
187,aaa,惹き
188,aaa,立て
189,aaa,ます
190,aaa,ニュアンス
191,aaa,異なる
192,aaa,カラー
193,aaa,バリエーション
194,aaa,注目
195,aaa,商品
196,aaa,画像
197,aaa,サンプル
198,aaa,ため
199,aaa,サイズ
200,aaa,仕様
201,aaa,変更
202,aaa,ある
203,aaa,場合
204,aaa,ござい
205,aaa,ます
206,aaa,ので
207,aaa,予め
208,aaa,了承
209,aaa,ください
210,aaa,配送
211,aaa,状況
212,aaa,により
213,aaa,破損
214,aaa,いる
215,aaa,場合
216,aaa,ござい
217,aaa,ます
218,aaa,ので
219,aaa,予め
220,aaa,了承
221,aaa,下さい
222,aaa,EOS
223,aaa,MISCH
224,aaa,MASCH
225,aaa,大人気
226,aaa,レースアップトート
227,aaa,登場
228,aaa,致し
229,aaa,まし
230,aaa,今回
231,aaa,定番
232,aaa,使える
233,aaa,ピュアホワイト
234,aaa,シロ
235,aaa,)、
236,aaa,淡い
237,aaa,カラー
238,aaa,上品
239,aaa,アイス
240,aaa,グレー
241,aaa,グレー
242,aaa,)、
243,aaa,女性
244,aaa,らしい
245,aaa,優しい
246,aaa,カラー
247,aaa,ミルクティーピンク
248,aaa,ピンク
249,aaa,)、
250,aaa,スタイリング
251,aaa,アクセント
252,aaa,なる
253,aaa,ピンキーオレンジ
254,aaa,オレンジ
255,aaa,)、
256,aaa,カチッ
257,aaa,決まる
258,aaa,ディープネイビー
259,aaa,カラー
260,aaa,バリエーション
261,aaa,お目見え
262,aaa,素材
263,aaa,全て
264,aaa,合成
265,aaa,皮革
266,aaa,ので
267,aaa,汚れ
268,aaa,年間
269,aaa,通し
270,aaa,活躍
271,aaa,間違い
272,aaa,ナシ
273,aaa,です
274,aaa,ファイル
275,aaa,入る
276,aaa,収納
277,aaa,抜群
278,aaa,サイズ
279,aaa,魅力
280,aaa,EOS
281,aaa,胸元
282,aaa,クロス
283,aaa,デザイン
284,aaa,セクシー
285,aaa,アピール
286,aaa,する
287,aaa,ビキニ
288,aaa,ショルダーストラップ
289,aaa,取り外し
290,aaa,バンドゥタイプ
291,aaa,アレンジ
292,aaa,出来る
293,aaa,アイテム
294,aaa,です
295,aaa,細かい
296,aaa,エスニック
297,aaa,仕上がり
298,aaa,画像
299,aaa,位置
300,aaa,異なる
301,aaa,場合
302,aaa,ござい
303,aaa,ます
304,aaa,了承
305,aaa,下さい
306,aaa,EOS
307,aaa,素朴
308,aaa,かつ
309,aaa,可憐
310,aaa,フラワー
311,aaa,刺繍
312,aaa,引く
313,aaa,ニットトップス
314,aaa,サックリ
315,aaa,開い
316,aaa,ネック
317,aaa,スッキリ
318,aaa,魅せ
319,aaa,くれ
320,aaa,ます
321,aaa,なだらか
322,aaa,ショルダー
323,aaa,ライン
324,aaa,描く
325,aaa,フレンチ
326,aaa,スリーブ
327,aaa,見逃せ
328,aaa,ない
329,aaa,レディ
330,aaa,ポイント
331,aaa,画像
332,aaa,位置
333,aaa,異なる
334,aaa,場合
335,aaa,ござい
336,aaa,ます
337,aaa,了承
338,aaa,下さい
339,aaa,EOS
340,aaa,カラフル
341,aaa,小花
342,aaa,プリント
343,aaa,散りばめ
344,aaa,大人
345,aaa,愛らし
346,aaa,たっぷり
347,aaa,仕上げ
348,aaa,ブラウス
349,aaa,ウエスト
350,aaa,から
351,aaa,広がる
352,aaa,ペプラム
353,aaa,シルエット
354,aaa,レディ
355,aaa,ムード
356,aaa,惹き
357,aaa,立て
358,aaa,ます
359,aaa,シンプルボトム
360,aaa,合わせ
361,aaa,バランス
362,aaa,よく
363,aaa,着こなし
364,aaa,画像
365,aaa,位置
366,aaa,異なる
367,aaa,場合
368,aaa,ござい
369,aaa,ます
370,aaa,了承
371,aaa,下さい
372,aaa,EOS
373,aaa,透け
374,aaa,上品
375,aaa,チュール
376,aaa,愛らしい
377,aaa,刺繍
378,aaa,デザイン
379,aaa,良く
380,aaa,映え
381,aaa,プルオーバー
382,aaa,スッキリ
383,aaa,開い
384,aaa,ネック
385,aaa,女性
386,aaa,らしい
387,aaa,抜け
388,aaa,演出
389,aaa,つつ
390,aaa,効果
391,aaa,発揮
392,aaa,ボトム
393,aaa,困ら
394,aaa,ない
395,aaa,丁度
396,aaa,良い
397,aaa,着丈
398,aaa,から
399,aaa,幅広い
400,aaa,テイスト
401,aaa,オススメ
402,aaa,です
403,aaa,素材
404,aaa,サイズ
405,aaa,仕様
406,aaa,変更
407,aaa,ある
408,aaa,場合
409,aaa,ござい
410,aaa,ます
411,aaa,ので
412,aaa,予め
413,aaa,了承
414,aaa,ください
415,aaa,EOS
416,aaa,シアー
417,aaa,シフォン
418,aaa,素材
419,aaa,浮かび上がる
420,aaa,大人
421,aaa,スウィート
422,aaa,仕上げ
423,aaa,トップス
424,aaa,ひらめく
425,aaa,フリル
426,aaa,使い
427,aaa,より
428,aaa,女性
429,aaa,らしい
430,aaa,エレガント
431,aaa,惹き
432,aaa,立て
433,aaa,ます
434,aaa,あえて
435,aaa,カジュアル
436,aaa,ボトム
437,aaa,など
438,aaa,合わせ
439,aaa,MIX
440,aaa,コーデ
441,aaa,楽しむ
442,aaa,勧め
443,aaa,素材
444,aaa,サイズ
445,aaa,仕様
446,aaa,変更
447,aaa,ある
448,aaa,場合
449,aaa,ござい
450,aaa,ます
451,aaa,ので
452,aaa,予め
453,aaa,了承
454,aaa,ください
455,aaa,EOS
456,aaa,軽量
457,aaa,軽い
458,aaa,耐え
459,aaa,られる
460,aaa,フェス
461,aaa,ぴったり
462,aaa,リュック
463,aaa,です
464,aaa,EOS
465,aaa,特徴
466,aaa,表面
467,aaa,リネンライク
468,aaa,ポリエステル
469,aaa,素材
470,aaa,ワンピース
471,aaa,水彩
472,aaa,タッチ
473,aaa,オリジナルフラワープリント
474,aaa,シルエット
475,aaa,スタイル
476,aaa,良く
477,aaa,見える
478,aaa,サイズ
479,aaa,展開
480,aaa,あり
481,aaa,回り
482,aaa,ボート
483,aaa,ネック
484,aaa,回り
485,aaa,スッキリ
486,aaa,見える
487,aaa,デザイン
488,aaa,です
489,aaa,スタイリング
490,aaa,羽織り
491,aaa,ベーシックカーデ
492,aaa,ノー
493,aaa,カラー
494,aaa,ジャン
495,aaa,オススメ
496,aaa,です
497,aaa,EOS
498,aaa,ふわっと
499,aaa,揺れる
500,aaa,シルエット
501,aaa,可愛い
502,aaa,パフ
503,aaa,トップス
504,aaa,オフショルダー
505,aaa,素肌
506,aaa,見せ
507,aaa,ヘルシー
508,aaa,着こなせる
509,aaa,です
510,aaa,ネック
511,aaa,ライン
512,aaa,あしらわ
513,aaa,ビーズ
514,aaa,モチーフ
515,aaa,背中
516,aaa,リボン
517,aaa,デコレーション
518,aaa,など
519,aaa,華やか
520,aaa,ぎあふれる
521,aaa,ディテール
522,aaa,使い
523,aaa,魅力
524,aaa,着用
525,aaa,モデル
526,aaa,167
527,aaa,cm
528,aaa,80
529,aaa,60
530,aaa,83
531,aaa,着用
532,aaa,サイズ
533,aaa,EOS
534,aaa,ネック
535,aaa,スッキリ
536,aaa,デコルテ
537,aaa,演出
538,aaa,する
539,aaa,ワンピース
540,aaa,さっぱり
541,aaa,上品
542,aaa,見え
543,aaa,する
544,aaa,生地
545,aaa,仕立て
546,aaa,これから
547,aaa,季節
548,aaa,重宝
549,aaa,する
550,aaa,ネック
551,aaa,スカラップ
552,aaa,生地
553,aaa,同色
554,aaa,統一
555,aaa,いる
556,aaa,ので
557,aaa,過ぎ
558,aaa,着こなせ
559,aaa,ます
560,aaa,流行り
561,aaa,サッシュ
562,aaa,ベルト
563,aaa,マーク
564,aaa,ふんわり
565,aaa,フレア
566,aaa,シルエット
567,aaa,女性
568,aaa,らし
569,aaa,増し
570,aaa,コーディネート
571,aaa,完成
572,aaa,ます
573,aaa,裏地
574,aaa,付き
575,aaa,付属
576,aaa,ﾍﾞﾙﾄ
577,aaa,EOS
578,aaa,華奢
579,aaa,バンド
580,aaa,アンクルストラップ
581,aaa,ヌーディ
582,aaa,女性
583,aaa,らしい
584,aaa,足元
585,aaa,メイク
586,aaa,する
587,aaa,サンダル
588,aaa,装飾
589,aaa,押さえ
590,aaa,ミニ
591,aaa,マル
592,aaa,ルックス
593,aaa,ので
594,aaa,コーディネート
595,aaa,抜群
596,aaa,です
597,aaa,合わせる
598,aaa,カラー
599,aaa,グッ
600,aaa,印象
601,aaa,変化
602,aaa,する
603,aaa,魅力
604,aaa,バリエーション
605,aaa,画像
606,aaa,位置
607,aaa,異なる
608,aaa,場合
609,aaa,ござい
610,aaa,ます
611,aaa,了承
612,aaa,下さい
613,aaa,配送
614,aaa,状況
615,aaa,により
616,aaa,破損
617,aaa,いる
618,aaa,場合
619,aaa,ござい
620,aaa,ます
621,aaa,ので
622,aaa,予め
623,aaa,了承
624,aaa,下さい
625,aaa,EOS
626,aaa,ベーシック
627,aaa,カラー
628,aaa,から
629,aaa,様々
630,aaa,スタイル
631,aaa,合わせ
632,aaa,やすい
633,aaa,大人
634,aaa,パンプス
635,aaa,女性
636,aaa,らし
637,aaa,惹き
638,aaa,立てる
639,aaa,ポインテッドトゥ
640,aaa,クロスストラップ
641,aaa,ポイント
642,aaa,です
643,aaa,安定
644,aaa,ある
645,aaa,太め
646,aaa,ヒール
647,aaa,注目
648,aaa,配送
649,aaa,状況
650,aaa,により
651,aaa,破損
652,aaa,いる
653,aaa,場合
654,aaa,ござい
655,aaa,ます
656,aaa,ので
657,aaa,予め
658,aaa,了承
659,aaa,下さい
660,aaa,EOS
661,aaa,フラワー
662,aaa,レース
663,aaa,生地
664,aaa,ポンポン
665,aaa,あしらい
666,aaa,愛らし
667,aaa,MIX
668,aaa,トップス
669,aaa,ふんわり
670,aaa,ボリューム
671,aaa,あり
672,aaa,つつ
673,aaa,シャーリング
674,aaa,ボート
675,aaa,ネック
676,aaa,すっきり
677,aaa,デザイン
678,aaa,ジャスト
679,aaa,ウエスト
680,aaa,から
681,aaa,ワイド
682,aaa,ボトムス
683,aaa,バランス
684,aaa,取り
685,aaa,やすい
686,aaa,アイテム
687,aaa,です
688,aaa,商品
689,aaa,画像
690,aaa,サンプル
691,aaa,ため
692,aaa,サイズ
693,aaa,仕様
694,aaa,変更
695,aaa,ある
696,aaa,場合
697,aaa,ござい
698,aaa,ます
699,aaa,ので
700,aaa,予め
701,aaa,了承
702,aaa,ください
703,aaa,着用
704,aaa,モデル
705,aaa,身長
706,aaa,176
707,aaa,cm
708,aaa,バスト
709,aaa,80
710,aaa,cm
711,aaa,ウエスト
712,aaa,58
713,aaa,cm
714,aaa,ヒップ
715,aaa,88
716,aaa,cm
717,aaa,着用
718,aaa,サイズ
719,aaa,EOS
720,aaa,シンプル
721,aaa,ワントーンカラー
722,aaa,女性
723,aaa,らし
724,aaa,惹き
725,aaa,立てる
726,aaa,コンビネゾン
727,aaa,クロス
728,aaa,バック
729,aaa,デザイン
730,aaa,後ろ姿
731,aaa,印象
732,aaa,魅せる
733,aaa,です
734,aaa,コーディネート
735,aaa,メリハリ
736,aaa,付け
737,aaa,キュッ
738,aaa,ウエスト
739,aaa,絞る
740,aaa,切り替え
741,aaa,ディティール
742,aaa,お気に入り
743,aaa,EOS
744,aaa,レザー
745,aaa,ウールマテリアル
746,aaa,組み合わせ
747,aaa,ボーダー
748,aaa,描い
749,aaa,スタイリッシュ
750,aaa,スリッポン
751,aaa,同色
752,aaa,ながら
753,aaa,素材
754,aaa,変化
755,aaa,つけ
756,aaa,こと
757,aaa,子供
758,aaa,っぽ
759,aaa,抑え
760,aaa,COOL
761,aaa,醸し出し
762,aaa,ます
763,aaa,もはや
764,aaa,定番
765,aaa,とも
766,aaa,なっ
767,aaa,アイテム
768,aaa,から
769,aaa,こそ
770,aaa,こんな
771,aaa,こだわり
772,aaa,感じる
773,aaa,つけ
774,aaa,たい
775,aaa,配送
776,aaa,状況
777,aaa,により
778,aaa,破損
779,aaa,いる
780,aaa,場合
781,aaa,ござい
782,aaa,ます
783,aaa,ので
784,aaa,予め
785,aaa,了承
786,aaa,下さい
787,aaa,画像
788,aaa,位置
789,aaa,異なる
790,aaa,場合
791,aaa,ござい
792,aaa,ます
793,aaa,了承
794,aaa,下さい
795,aaa,EOS
796,aaa,可憐
797,aaa,表情
798,aaa,魅せる
799,aaa,レース
800,aaa,ボディ
801,aaa,フェミニン
802,aaa,ムード
803,aaa,満点
804,aaa,仕上げ
805,aaa,ワンピース
806,aaa,ちらりと
807,aaa,覗か
808,aaa,せる
809,aaa,チュールヘム
810,aaa,大人
811,aaa,アピール
812,aaa,ます
813,aaa,落ち着き
814,aaa,ある
815,aaa,ワントーンカラー
816,aaa,あっ
817,aaa,商品
818,aaa,画像
819,aaa,サンプル
820,aaa,ため
821,aaa,サイズ
822,aaa,仕様
823,aaa,変更
824,aaa,ある
825,aaa,場合
826,aaa,ござい
827,aaa,ます
828,aaa,ので
829,aaa,予め
830,aaa,了承
831,aaa,ください
832,aaa,取扱い
833,aaa,注意
834,aaa,アテンション
835,aaa,洗濯
836,aaa,表記
837,aaa,確認
838,aaa,ください
839,aaa,EOS
840,aaa,すっきり
841,aaa,きれい
842,aaa,シルエット
843,aaa,魅力
844,aaa,タックトパンツ
845,aaa,ウエスト
846,aaa,マーク
847,aaa,リボン
848,aaa,なる
849,aaa,おなか
850,aaa,周り
851,aaa,さり気
852,aaa,なく
853,aaa,カバー
854,aaa,くれ
855,aaa,ます
856,aaa,きちんと
857,aaa,ある
858,aaa,通勤
859,aaa,スタイル
860,aaa,オススメ
861,aaa,商品
862,aaa,画像
863,aaa,サンプル
864,aaa,ため
865,aaa,サイズ
866,aaa,仕様
867,aaa,変更
868,aaa,ある
869,aaa,場合
870,aaa,ござい
871,aaa,ます
872,aaa,ので
873,aaa,予め
874,aaa,了承
875,aaa,ください
876,aaa,EOS
877,aaa,携帯
878,aaa,ケース
879,aaa,財布
880,aaa,なっ
881,aaa,アイテム
882,aaa,ショルダー
883,aaa,ポッシェット
884,aaa,よう
885,aaa,使え
886,aaa,ます
887,aaa,EOS
888,aaa,ナチュラル
889,aaa,雰囲気
890,aaa,醸し
891,aaa,だす
892,aaa,レーヨン
893,aaa,楊柳
894,aaa,チュニック
895,aaa,着こなし
896,aaa,華やぎ
897,aaa,添える
898,aaa,刺繍
899,aaa,デザイン
900,aaa,魅力
901,aaa,です
902,aaa,ギャザー
903,aaa,寄せ
904,aaa,ニュアンス
905,aaa,つけ
906,aaa,お気に入り
907,aaa,素材
908,aaa,サイズ
909,aaa,仕様
910,aaa,変更
911,aaa,ある
912,aaa,場合
913,aaa,ござい
914,aaa,ます
915,aaa,ので
916,aaa,予め
917,aaa,了承
918,aaa,ください
919,aaa,EOS
920,aaa,背中
921,aaa,胸元
922,aaa,開き
923,aaa,デザイン
924,aaa,セクシー
925,aaa,ヘルシー
926,aaa,魅力
927,aaa,アピール
928,aaa,する
929,aaa,ロンパース
930,aaa,キュッ
931,aaa,結ん
932,aaa,バック
933,aaa,リボン
934,aaa,可愛らしい
935,aaa,アクセント
936,aaa,効果
937,aaa,期待
938,aaa,できる
939,aaa,ワイド
940,aaa,ショルダー
941,aaa,注目
942,aaa,です
943,aaa,EOS
944,aaa,大振り
945,aaa,フリル
946,aaa,さりげ
947,aaa,なく
948,aaa,二の腕
949,aaa,カバー
950,aaa,くれる
951,aaa,カットトップス
952,aaa,大人
953,aaa,女性
954,aaa,楽しめ
955,aaa,そう
956,aaa,ある
957,aaa,魅力
958,aaa,です
959,aaa,スカート
960,aaa,合わせる
961,aaa,だけ
962,aaa,Noela
963,aaa,らしい
964,aaa,コーディネート
965,aaa,完成
966,aaa,商品
967,aaa,画像
968,aaa,サンプル
969,aaa,ため
970,aaa,サイズ
971,aaa,仕様
972,aaa,変更
973,aaa,ある
974,aaa,場合
975,aaa,ござい
976,aaa,ます
977,aaa,ので
978,aaa,予め
979,aaa,了承
980,aaa,ください
981,aaa,EOS
982,aaa,ナチュラル
983,aaa,素材
984,aaa,使っ
985,aaa,着飾り
986,aaa,過ぎ
987,aaa,ない
988,aaa,ルックス
989,aaa,お気に入り
990,aaa,スニーカー
991,aaa,どんな
992,aaa,コーディネート
993,aaa,合わせ
994,aaa,やすい
995,aaa,スマート
996,aaa,フォルム
997,aaa,魅力
998,aaa,デイリー
999,aaa,愛用
1000,aaa,たく
1001,aaa,なる
1002,aaa,履き
1003,aaa,心地
1004,aaa,重宝
1005,aaa,する
1006,aaa,こと
1007,aaa,間違い
1008,aaa,なし
1009,aaa,一品
1010,aaa,です
1011,aaa,配送
1012,aaa,状況
1013,aaa,により
1014,aaa,破損
1015,aaa,いる
1016,aaa,場合
1017,aaa,ござい
1018,aaa,ます
1019,aaa,ので
1020,aaa,予め
1021,aaa,了承
1022,aaa,下さい
1023,aaa,EOS
1024,aaa,カラフル
1025,aaa,タッセル
1026,aaa,引く
1027,aaa,ミュールサンダル
1028,aaa,です
1029,aaa,クッション
1030,aaa,ライニング
1031,aaa,敷き
1032,aaa,クッション
1033,aaa,返り
1034,aaa,良い
1035,aaa,など
1036,aaa,履き
1037,aaa,心地
1038,aaa,こだわっ
1039,aaa,仕様
1040,aaa,なっ
1041,aaa,ます
1042,aaa,太め
1043,aaa,ヒール
1044,aaa,しっかり
1045,aaa,覆う
1046,aaa,アッパー
1047,aaa,歩き
1048,aaa,やすい
1049,aaa,です
1050,aaa,配送
1051,aaa,状況
1052,aaa,により
1053,aaa,破損
1054,aaa,いる
1055,aaa,場合
1056,aaa,ござい
1057,aaa,ます
1058,aaa,ので
1059,aaa,予め
1060,aaa,了承
1061,aaa,下さい
1062,aaa,EOS
1063,aaa,太い
1064,aaa,ピッチ
1065,aaa,ボーダー
1066,aaa,爽やか
1067,aaa,シーズン
1068,aaa,ムード
1069,aaa,漂う
1070,aaa,半袖
1071,aaa,ロンパース
1072,aaa,部分
1073,aaa,ゴールド
1074,aaa,ブランド
1075,aaa,ロゴ
1076,aaa,刺繍
1077,aaa,あしらわ
1078,aaa,さりげ
1079,aaa,ない
1080,aaa,ポイント
1081,aaa,なっ
1082,aaa,ます
1083,aaa,ライト
1084,aaa,締め付け
1085,aaa,少ない
1086,aaa,テキスタイル
1087,aaa,ので
1088,aaa,ベビー
1089,aaa,快適
1090,aaa,過ごせ
1091,aaa,そう
1092,aaa,商品
1093,aaa,画像
1094,aaa,サンプル
1095,aaa,ため
1096,aaa,サイズ
1097,aaa,仕様
1098,aaa,変更
1099,aaa,ある
1100,aaa,場合
1101,aaa,ござい
1102,aaa,ます
1103,aaa,ので
1104,aaa,予め
1105,aaa,了承
1106,aaa,ください
1107,aaa,EOS
1108,aaa,めく
1109,aaa,パドロック
1110,aaa,メタル
1111,aaa,パーツ
1112,aaa,クラシカル
1113,aaa,ムード
1114,aaa,漂わ
1115,aaa,せる
1116,aaa,トートバッグ
1117,aaa,ストラップポーチ
1118,aaa,ポケット
1119,aaa,付き
1120,aaa,から
1121,aaa,収納
1122,aaa,バツグン
1123,aaa,です
1124,aaa,無地
1125,aaa,から
1126,aaa,コーディネート
1127,aaa,EOS
1128,aaa,シンプル
1129,aaa,美しい
1130,aaa,フォルム
1131,aaa,魅力
1132,aaa,コンフォートパンプス
1133,aaa,華奢
1134,aaa,惹き
1135,aaa,立つ
1136,aaa,アンクルストラップ
1137,aaa,より
1138,aaa,女性
1139,aaa,らしい
1140,aaa,足元
1141,aaa,導き
1142,aaa,ます
1143,aaa,シーン
1144,aaa,気分
1145,aaa,によって
1146,aaa,チェンジ
1147,aaa,できる
1148,aaa,取り外し
1149,aaa,できる
1150,aaa,リボン
1151,aaa,モチーフ
1152,aaa,配送
1153,aaa,状況
1154,aaa,により
1155,aaa,破損
1156,aaa,いる
1157,aaa,場合
1158,aaa,ござい
1159,aaa,ます
1160,aaa,ので
1161,aaa,予め
1162,aaa,了承
1163,aaa,下さい
1164,aaa,EOS
1165,aaa,女性
1166,aaa,らし
1167,aaa,演出
1168,aaa,する
1169,aaa,ラメ
1170,aaa,光沢
1171,aaa,魅力
1172,aaa,装飾
1173,aaa,おさえ
1174,aaa,シンプル
1175,aaa,デザイン
1176,aaa,回し
1177,aaa,バツグン
1178,aaa,タンク
1179,aaa,トップ
1180,aaa,スタイル
1181,aaa,バランス
1182,aaa,取り
1183,aaa,やすい
1184,aaa,コンパクト
1185,aaa,サイジング
1186,aaa,ポイント
1187,aaa,です
1188,aaa,EOS
1189,aaa,大判
1190,aaa,スタイリング
1191,aaa,華やぎ
1192,aaa,添える
1193,aaa,レディ
1194,aaa,スカート
1195,aaa,タック
1196,aaa,入れ
1197,aaa,広がり
1198,aaa,持た
1199,aaa,台形
1200,aaa,シルエット
1201,aaa,女性
1202,aaa,らし
1203,aaa,惹き
1204,aaa,ます
1205,aaa,切り替え
1206,aaa,入れ
1207,aaa,スッキリ
1208,aaa,仕上げ
1209,aaa,ウエスト
1210,aaa,ライン
1211,aaa,ポイント
1212,aaa,画像
1213,aaa,位置
1214,aaa,異なる
1215,aaa,場合
1216,aaa,ござい
1217,aaa,ます
1218,aaa,了承
1219,aaa,下さい
1220,aaa,EOS
1221,aaa,バック
1222,aaa,リボン
1223,aaa,可愛い
1224,aaa,ブラウス
1225,aaa,オフショルダー
1226,aaa,or
1227,aaa,見せ
1228,aaa,でも
1229,aaa,れる
1230,aaa,ＷＡＹ
1231,aaa,タイプ
1232,aaa,です
1233,aaa,背中
1234,aaa,ボリューム
1235,aaa,ある
1236,aaa,リボン
1237,aaa,ポイント
1238,aaa,です
1239,aaa,スタイリング
1240,aaa,やすい
1241,aaa,着丈
1242,aaa,ポイント
1243,aaa,商品
1244,aaa,画像
1245,aaa,サンプル
1246,aaa,ため
1247,aaa,サイズ
1248,aaa,仕様
1249,aaa,変更
1250,aaa,ある
1251,aaa,場合
1252,aaa,ござい
1253,aaa,ます
1254,aaa,ので
1255,aaa,予め
1256,aaa,了承
1257,aaa,ください
1258,aaa,EOS
1259,aaa,今季
1260,aaa,注目
1261,aaa,大振り
1262,aaa,パーツ
1263,aaa,ピアス
1264,aaa,アンティーク
1265,aaa,雰囲気
1266,aaa,マーブル
1267,aaa,パーツ
1268,aaa,ウッド
1269,aaa,パーツ
1270,aaa,回り
1271,aaa,っと
1272,aaa,明るく
1273,aaa,くれ
1274,aaa,ます
1275,aaa,模様
1276,aaa,違い
1277,aaa,ます
1278,aaa,ので
1279,aaa,予め
1280,aaa,了承
1281,aaa,下さい
1282,aaa,無理
1283,aaa,加わっ
1284,aaa,たり
1285,aaa,水気
1286,aaa,湿気
1287,aaa,原因
1288,aaa,破損
1289,aaa,する
1290,aaa,恐れ
1291,aaa,ござい
1292,aaa,ます
1293,aaa,ので
1294,aaa,取り扱い
1295,aaa,十分
1296,aaa,注意
1297,aaa,下さい
1298,aaa,EOS
1299,aaa,かっちり
1300,aaa,フォルム
1301,aaa,シンプルトートバッグ
1302,aaa,ダブル
1303,aaa,ファスナー
1304,aaa,ロング
1305,aaa,ファスナー
1306,aaa,大きく
1307,aaa,開き
1308,aaa,収納
1309,aaa,やすく
1310,aaa,なっ
1311,aaa,ます
1312,aaa,安定
1313,aaa,ある
1314,aaa,シンプル
1315,aaa,デイリー
1316,aaa,使い
1317,aaa,ぴったり
1318,aaa,アイテム
1319,aaa,です
1320,aaa,ショルダー
1321,aaa,調節
1322,aaa,付属
1323,aaa,ｼｮﾙﾀﾞｰﾍﾞﾙﾄ
1324,aaa,EOS
1325,aaa,今宵
1326,aaa,主役
1327,aaa,ツンデレ
1328,aaa,すべて
1329,aaa,トリコ
1330,aaa,ちゃう
1331,aaa,のに
1332,aaa,ゃんこ
1333,aaa,ブラ
1334,aaa,ネック
1335,aaa,ライン
1336,aaa,つややか
1337,aaa,毛並み
1338,aaa,みたい
1339,aaa,リアル
1340,aaa,フェザー
1341,aaa,ヒップ
1342,aaa,ふわふわ
1343,aaa,シッポ
1344,aaa,取り外し
1345,aaa,可能
1346,aaa,ドロップ
1347,aaa,ホール
1348,aaa,付い
1349,aaa,ます
1350,aaa,ネコ
1351,aaa,耳飾り
1352,aaa,歩く
1353,aaa,たび
1354,aaa,チリ
1355,aaa,なる
1356,aaa,付き
1357,aaa,チョー
1358,aaa,カー
1359,aaa,セット
1360,aaa,生地
1361,aaa,ほんのり
1362,aaa,透ける
1363,aaa,シフォン
1364,aaa,ジョーゼット
1365,aaa,です
1366,aaa,ヘッドアクセ
1367,aaa,ねこみ
1368,aaa,タブ
1369,aaa,ヘア
1370,aaa,ピン
1371,aaa,など
1372,aaa,を通して
1373,aaa,固定
1374,aaa,ください
1375,aaa,カップ
1376,aaa,立体
1377,aaa,はぎの
1378,aaa,カップ
1379,aaa,薄手
1380,aaa,リムーバブルパッド
1381,aaa,入り
1382,aaa,コットン
1383,aaa,サイド
1384,aaa,ベルト
1385,aaa,パワー
1386,aaa,ネット
1387,aaa,ボーン
1388,aaa,入り
1389,aaa,フィッティング
1390,aaa,安定
1391,aaa,EOS
1392,aaa,カップ
1393,aaa,透ける
1394,aaa,チュール
1395,aaa,エンブレム
1396,aaa,刺しゅう
1397,aaa,中央
1398,aaa,編み上げ
1399,aaa,あしらっ
1400,aaa,トレンド
1401,aaa,上乗せ
1402,aaa,通気
1403,aaa,高い
1404,aaa,モールドカップ
1405,aaa,バスト
1406,aaa,ライン
1407,aaa,自然
1408,aaa,丸み
1409,aaa,整え
1410,aaa,着け
1411,aaa,ない
1412,aaa,よう
1413,aaa,快適
1414,aaa,過ごせ
1415,aaa,ます
1416,aaa,セット
1417,aaa,パンティ
1418,aaa,生地
1419,aaa,ストレッチチュール
1420,aaa,フロント
1421,aaa,のみ
1422,aaa,仕立て
1423,aaa,ぐり
1424,aaa,エンブロイダリーレース
1425,aaa,波打ち
1426,aaa,ます
1427,aaa,パンティ
1428,aaa,バック
1429,aaa,上部
1430,aaa,三角
1431,aaa,ホール
1432,aaa,ちらりと
1433,aaa,のぞく
1434,aaa,チー
1435,aaa,キー
1436,aaa,デザイン
1437,aaa,カップ
1438,aaa,透明
1439,aaa,高く
1440,aaa,均一
1441,aaa,厚み
1442,aaa,スペーサーファブリック
1443,aaa,でき
1444,aaa,モールドカップ
1445,aaa,ノン
1446,aaa,ワイヤー
1447,aaa,サイド
1448,aaa,ベルト
1449,aaa,ゴム
1450,aaa,サテン
1451,aaa,くるん
1452,aaa,つくり
1453,aaa,EOS
1454,aaa,涼やか
1455,aaa,コットン
1456,aaa,楊柳
1457,aaa,仕立て
1458,aaa,フェミニン
1459,aaa,サマー
1460,aaa,ワンピース
1461,aaa,フリルストラップ
1462,aaa,外し
1463,aaa,オフショルダーネック
1464,aaa,できる
1465,aaa,WAY
1466,aaa,ウエスト
1467,aaa,ゴム
1468,aaa,入り
1469,aaa,ブラウジング
1470,aaa,おなか
1471,aaa,周り
1472,aaa,カバー
1473,aaa,腰高
1474,aaa,見せ
1475,aaa,ます
1476,aaa,フロント
1477,aaa,足首
1478,aaa,バック
1479,aaa,マキシ
1480,aaa,スロープヘム
1481,aaa,以外
1482,aaa,ジャージー
1483,aaa,生地
1484,aaa,付き
1485,aaa,EOS
1486,aaa,ボーダー
1487,aaa,カジュアル
1488,aaa,あふれる
1489,aaa,ルックス
1490,aaa,デイリーコーデ
1491,aaa,活躍
1492,aaa,する
1493,aaa,カットソー
1494,aaa,頭文字
1495,aaa,ちょこんと
1496,aaa,刺繍
1497,aaa,ブランド
1498,aaa,らしい
1499,aaa,アクセント
1500,aaa,プラス
1501,aaa,バック
1502,aaa,ネック
1503,aaa,ぐっと
1504,aaa,深く
1505,aaa,デザイン
1506,aaa,色気
1507,aaa,ある
1508,aaa,後ろ姿
1509,aaa,ポイント
1510,aaa,です
1511,aaa,商品
1512,aaa,画像
1513,aaa,サンプル
1514,aaa,ため
1515,aaa,サイズ
1516,aaa,仕様
1517,aaa,変更
1518,aaa,ある
1519,aaa,場合
1520,aaa,ござい
1521,aaa,ます
1522,aaa,ので
1523,aaa,予め
1524,aaa,了承
1525,aaa,ください
1526,aaa,着用
1527,aaa,モデル
1528,aaa,身長
1529,aaa,170
1530,aaa,cm
1531,aaa,バスト
1532,aaa,77
1533,aaa,cm
1534,aaa,ウエスト
1535,aaa,59
1536,aaa,cm
1537,aaa,ヒップ
1538,aaa,87
1539,aaa,cm
1540,aaa,着用
1541,aaa,サイズ
1542,aaa,EOS
1543,aaa,VANS
1544,aaa,AG
1545,aaa,by
1546,aaa,aquagirl
1547,aaa,別注
1548,aaa,Tシャツ
1549,aaa,メンズライク
1550,aaa,ビッグ
1551,aaa,シルエット
1552,aaa,大きく
1553,aaa,入っ
1554,aaa,ロゴ
1555,aaa,プリント
1556,aaa,ストリート
1557,aaa,抜群
1558,aaa,ガウチョ
1559,aaa,スカート
1560,aaa,など
1561,aaa,ガーリー
1562,aaa,アイテム
1563,aaa,とも
1564,aaa,相性
1565,aaa,いい
1566,aaa,ので
1567,aaa,女の子
1568,aaa,らしい
1569,aaa,こなし
1570,aaa,おすすめ
1571,aaa,です
1572,aaa,モデル
1573,aaa,情報
1574,aaa,身長
1575,aaa,172
1576,aaa,cm
1577,aaa,81
1578,aaa,58
1579,aaa,86
1580,aaa,着用
1581,aaa,サイズ
1582,aaa,38
1583,aaa,店舗
1584,aaa,問い合わせ
1585,aaa,商品
1586,aaa,番号
1587,aaa,12
1588,aaa,12528
1589,aaa,着用
1590,aaa,いただける
1591,aaa,商品
1592,aaa,です
1593,aaa,EOS
1594,aaa,甘い
1595,aaa,ムード
1596,aaa,漂う
1597,aaa,レース
1598,aaa,すっきり
1599,aaa,ペンシル
1600,aaa,シルエット
1601,aaa,大人
1602,aaa,スカート
1603,aaa,デザイン
1604,aaa,パターン
1605,aaa,活かし
1606,aaa,ヘム
1607,aaa,スカラップ
1608,aaa,ライン
1609,aaa,愛らし
1610,aaa,プラス
1611,aaa,ます
1612,aaa,シンプル
1613,aaa,Tシャツ
1614,aaa,など
1615,aaa,合わせ
1616,aaa,カジュアル
1617,aaa,ダウン
1618,aaa,装い
1619,aaa,素敵
1620,aaa,画像
1621,aaa,位置
1622,aaa,異なる
1623,aaa,場合
1624,aaa,ござい
1625,aaa,ます
1626,aaa,了承
1627,aaa,下さい
1628,aaa,EOS
1629,aaa,かな
1630,aaa,サテンファブリック
1631,aaa,愛らしい
1632,aaa,スター
1633,aaa,モチーフ
1634,aaa,刺繍
1635,aaa,あしらっ
1636,aaa,大人
1637,aaa,可愛い
1638,aaa,クラッチ
1639,aaa,バッグ
1640,aaa,付属
1641,aaa,チェーン
1642,aaa,取り外し
1643,aaa,出来る
1644,aaa,ので
1645,aaa,用途
1646,aaa,合わせ
1647,aaa,使い
1648,aaa,頂く
1649,aaa,こと
1650,aaa,でき
1651,aaa,ます
1652,aaa,抜群
1653,aaa,個性
1654,aaa,発揮
1655,aaa,できる
1656,aaa,デザイン
1657,aaa,高い
1658,aaa,ルックス
1659,aaa,お気に入り
1660,aaa,EOS
1661,aaa,背中
1662,aaa,カット
1663,aaa,レースアップモチーフ
1664,aaa,あしらい
1665,aaa,魅惑
1666,aaa,バック
1667,aaa,シャン
1668,aaa,仕上げ
1669,aaa,ニット
1670,aaa,ゆったり
1671,aaa,シルエット
1672,aaa,女性
1673,aaa,らしい
1674,aaa,ヌケ
1675,aaa,漂い
1676,aaa,ます
1677,aaa,落ち着き
1678,aaa,ある
1679,aaa,ワントーンカラー
1680,aaa,大人
1681,aaa,っぽく
1682,aaa,スタイリング
1683,aaa,する
1684,aaa,カギ
1685,aaa,EOS
1686,aaa,素材
1687,aaa,切り替え
1688,aaa,ジャガードショルダーバッグ
1689,aaa,フラップ
1690,aaa,開き
1691,aaa,内側
1692,aaa,小物
1693,aaa,ポケ
1694,aaa,バッグ
1695,aaa,サイド
1696,aaa,ポケ
1697,aaa,付い
1698,aaa,小分け
1699,aaa,収納
1700,aaa,豊富
1701,aaa,デザイン
1702,aaa,フロント
1703,aaa,ロゴ
1704,aaa,プレート
1705,aaa,ON
1706,aaa,ポイント
1707,aaa,キラリ
1708,aaa,アクセント
1709,aaa,ショルダー
1710,aaa,調節
1711,aaa,EOS
1712,aaa,クラシックミッキー
1713,aaa,プリント
1714,aaa,遊び心
1715,aaa,たっぷり
1716,aaa,ミッキー
1717,aaa,Tシャツ
1718,aaa,シリーズ
1719,aaa,ヴィンテージ
1720,aaa,加工
1721,aaa,施し
1722,aaa,こなれ
1723,aaa,ある
1724,aaa,程よく
1725,aaa,コシ
1726,aaa,ある
1727,aaa,生地
1728,aaa,縫い目
1729,aaa,無い
1730,aaa,すっきり
1731,aaa,シルエット
1732,aaa,詰まり
1733,aaa,気味
1734,aaa,クルー
1735,aaa,ネック
1736,aaa,カジュアル
1737,aaa,デザイン
1738,aaa,ながら
1739,aaa,大人
1740,aaa,キチン
1741,aaa,演出
1742,aaa,ます
1743,aaa,タイトスカート
1744,aaa,など
1745,aaa,レディライク
1746,aaa,スタイル
1747,aaa,アクセント
1748,aaa,として
1749,aaa,合わせる
1750,aaa,選べる
1751,aaa,サイズ
1752,aaa,展開
1753,aaa,ので
1754,aaa,好み
1755,aaa,シルエット
1756,aaa,チョイス
1757,aaa,洗濯
1758,aaa,表示
1759,aaa,30
1760,aaa,限度
1761,aaa,洗濯
1762,aaa,弱い
1763,aaa,洗濯
1764,aaa,できる
1765,aaa,塩素
1766,aaa,及び
1767,aaa,酸素
1768,aaa,漂白
1769,aaa,使用
1770,aaa,禁止
1771,aaa,タンブル
1772,aaa,乾燥
1773,aaa,禁止
1774,aaa,日陰
1775,aaa,つり
1776,aaa,干し
1777,aaa,よい
1778,aaa,底面
1779,aaa,温度
1780,aaa,150
1781,aaa,限度
1782,aaa,として
1783,aaa,アイロン
1784,aaa,仕上げ
1785,aaa,できる
1786,aaa,ドライクリーニング
1787,aaa,禁止
1788,aaa,弱い
1789,aaa,操作
1790,aaa,による
1791,aaa,ウェット
1792,aaa,クリーニング
1793,aaa,できる
1794,aaa,EOS
1795,aaa,スタイル
1796,aaa,アップ
1797,aaa,狙える
1798,aaa,ハイウエストデザイン
1799,aaa,デニム
1800,aaa,パンツ
1801,aaa,人気
1802,aaa,ワイド
1803,aaa,シルエット
1804,aaa,リラックス
1805,aaa,穿き
1806,aaa,心地
1807,aaa,魅力
1808,aaa,です
1809,aaa,カジュアル
1810,aaa,穿き
1811,aaa,こなせ
1812,aaa,デイリー
1813,aaa,活躍
1814,aaa,間違い
1815,aaa,なし
1816,aaa,EOS
1817,aaa,ネック
1818,aaa,デザイン
1819,aaa,周り
1820,aaa,すっきり
1821,aaa,見せ
1822,aaa,くれる
1823,aaa,Tシャツ
1824,aaa,です
1825,aaa,フロント
1826,aaa,POP
1827,aaa,ロゴ
1828,aaa,可愛らしい
1829,aaa,ポイント
1830,aaa,サイド
1831,aaa,スリット
1832,aaa,前後
1833,aaa,ある
1834,aaa,ヘム
1835,aaa,こなれ
1836,aaa,アクセント
1837,aaa,着用
1838,aaa,モデル
1839,aaa,163
1840,aaa,cm
1841,aaa,82
1842,aaa,60
1843,aaa,84
1844,aaa,着用
1845,aaa,サイズ
1846,aaa,EOS
1847,aaa,無地
1848,aaa,ベース
1849,aaa,シンプルデザイン
1850,aaa,トレンド
1851,aaa,問わ
1852,aaa,長く
1853,aaa,愛用
1854,aaa,できる
1855,aaa,Tシャツ
1856,aaa,ネック
1857,aaa,仕上げ
1858,aaa,周り
1859,aaa,すっきり
1860,aaa,印象
1861,aaa,与え
1862,aaa,ます
1863,aaa,スタイリング
1864,aaa,選ば
1865,aaa,ない
1866,aaa,アイテム
1867,aaa,から
1868,aaa,持っ
1869,aaa,おい
1870,aaa,間違い
1871,aaa,なし
1872,aaa,EOS
1873,aaa,ワンピース
1874,aaa,合わせ
1875,aaa,やすい
1876,aaa,リング
1877,aaa,バックル
1878,aaa,ベルト
1879,aaa,シャツ
1880,aaa,ワンピース
1881,aaa,フィットアンドフレアワンピース
1882,aaa,あわせ
1883,aaa,下さい
1884,aaa,製品
1885,aaa,サンプル
1886,aaa,つき
1887,aaa,画像
1888,aaa,位置
1889,aaa,異なる
1890,aaa,場合
1891,aaa,ござい
1892,aaa,ます
1893,aaa,了承
1894,aaa,下さい
1895,aaa,EOS
1896,aaa,トロ
1897,aaa,デザイン
1898,aaa,印象
1899,aaa,残る
1900,aaa,ストライプ
1901,aaa,フラワーロングカーディガン
1902,aaa,です
1903,aaa,さっと
1904,aaa,羽織れ
1905,aaa,お洒落
1906,aaa,アップ
1907,aaa,ある
1908,aaa,着丈
1909,aaa,なる
1910,aaa,ライン
1911,aaa,自然
1912,aaa,カバー
1913,aaa,くれる
1914,aaa,嬉しい
1915,aaa,画像
1916,aaa,位置
1917,aaa,異なる
1918,aaa,場合
1919,aaa,ござい
1920,aaa,ます
1921,aaa,了承
1922,aaa,下さい
1923,aaa,EOS
1924,aaa,オシャレ
1925,aaa,配色
1926,aaa,スタイル
1927,aaa,格上げ
1928,aaa,する
1929,aaa,小物
1930,aaa,アイボリー
1931,aaa,ネイビー・カーキ・ブラウン・キャメル・モカ
1932,aaa,追加
1933,aaa,ベーシック
1934,aaa,カラー
1935,aaa,配色
1936,aaa,デザイン
1937,aaa,オシャレ
1938,aaa,満点
1939,aaa,仕上げ
1940,aaa,バッグ
1941,aaa,スクエア
1942,aaa,知的
1943,aaa,ムード
1944,aaa,漂う
1945,aaa,フォルム
1946,aaa,ゴールド
1947,aaa,ターン
1948,aaa,ロック
1949,aaa,よく
1950,aaa,煌めき
1951,aaa,ます
1952,aaa,シーン
1953,aaa,合わせ
1954,aaa,使い分け
1955,aaa,出来る
1956,aaa,ショルダーストラップ
1957,aaa,ファー
1958,aaa,チャーム
1959,aaa,付い
1960,aaa,いる
1961,aaa,嬉しい
1962,aaa,ポイント
1963,aaa,です
1964,aaa,MODEL
1965,aaa,ソンイ
1966,aaa,169
1967,aaa,cm
1968,aaa,84
1969,aaa,58
1970,aaa,83
1971,aaa,EOS
1972,aaa,カーキ・チャコールグレー・ベージュ・ライトグレー
1973,aaa,追加
1974,aaa,ウエスト
1975,aaa,マーク
1976,aaa,リボン
1977,aaa,ベルト
1978,aaa,アクセント
1979,aaa,深い
1980,aaa,ライン
1981,aaa,施し
1982,aaa,これ
1983,aaa,オシャレ
1984,aaa,スタイル
1985,aaa,完成
1986,aaa,する
1987,aaa,コンビネゾン
1988,aaa,です
1989,aaa,継続
1990,aaa,注目
1991,aaa,ワイド
1992,aaa,パンツ
1993,aaa,起用
1994,aaa,デザイン
1995,aaa,トレンド
1996,aaa,要素
1997,aaa,きちん
1998,aaa,プラス
1999,aaa,ゴム
2000,aaa,仕様
